id,estado,fecha_registro,fecha_modificacion,name,usuario_id
1,false,2022-10-31,2023-02-06,Cole MacPhail,1
2,false,2022-12-22,2022-06-25,Loren Tipple,1
3,false,2022-07-14,2022-07-26,Felecia Turneux,1
4,false,2022-12-30,2022-12-10,Xever Canellas,1
5,false,2023-01-23,2022-03-31,Cornelia Goodger,1
6,false,2022-09-11,2022-07-30,Charlean Scalia,1
7,false,2022-10-12,2022-08-08,Whittaker Brennenstuhl,1
8,false,2022-10-13,2022-08-05,Maurise Chilton,1
9,false,2022-07-25,2022-06-28,Celestine Ramirez,1
10,true,2022-10-06,2023-01-21,Edna Slipper,1
11,false,2022-03-14,2023-01-23,Jesselyn MacTimpany,1
12,true,2022-06-01,2022-05-23,Yuma Wakelam,1
13,false,2022-06-09,2022-06-21,Lyman Axten,1
14,false,2022-11-15,2022-03-18,Zulema Ebbrell,1
15,false,2022-11-15,2022-03-09,Jud Furze,1
16,true,2022-02-19,2022-12-08,Clary Tailour,1
17,true,2023-01-08,2022-07-13,Bradly Lenihan,1
18,false,2023-01-11,2022-08-19,Sanderson Leon,1
19,false,2022-09-04,2022-03-09,Jim Jackalin,1
20,false,2022-10-06,2022-12-26,Nonna Hanson,1
21,false,2023-01-26,2022-03-06,Melodee Joney,1
22,false,2022-04-28,2022-12-03,Starlin Eves,1
23,true,2022-07-25,2022-06-24,Robinson Guyer,1
24,true,2022-07-08,2022-10-13,Andy Huggill,1
25,true,2022-02-10,2022-08-18,Meridith Lorrimer,1
26,false,2022-04-26,2022-06-11,Beverlee Bruckner,1
27,false,2022-04-26,2023-01-19,Allianora Bowdrey,1
28,true,2022-10-12,2022-07-03,Em Armsden,1
29,true,2023-01-03,2022-11-17,Peder Bessant,1
30,true,2022-05-12,2022-09-23,Jody Charlet,1
31,false,2022-11-03,2022-09-03,Birk Calfe,1
32,false,2022-08-31,2022-11-13,Salmon Tomkin,1
33,false,2022-04-03,2022-08-04,Nanon Caush,1
34,false,2023-02-13,2022-12-27,Delbert Yekel,1
35,false,2022-11-11,2022-04-19,Fraser Beefon,1
36,true,2022-03-03,2022-05-07,Kelli Linacre,1
37,false,2022-10-30,2022-06-25,Fawnia Damrell,1
38,true,2022-09-10,2022-06-03,Waverly Searsby,1
39,false,2022-09-05,2022-06-23,Maighdiln Graine,1
40,false,2023-02-02,2022-08-09,Bethena Willis,1
41,false,2022-02-12,2023-01-25,Bea Sapseed,1
42,true,2022-12-31,2022-02-28,Grete Atwill,1
43,false,2022-08-16,2022-07-22,Sula Heino,1
44,false,2022-02-23,2022-05-20,Siffre Breston,1
45,true,2022-07-10,2022-08-11,Bordie Caswill,1
46,false,2022-12-25,2022-09-26,Fredric Mabson,1
47,false,2022-08-09,2022-02-25,Giovanni O'Halloran,1
48,true,2023-01-31,2022-07-30,Kort Morillas,1
49,true,2022-12-22,2022-10-16,Gilbert Crowley,1
50,true,2023-01-03,2022-12-25,Danette De Dantesie,1
51,true,2022-03-30,2022-06-12,Cassandry Macey,1
52,false,2022-12-04,2022-08-29,Bobbie MacNess,1
53,true,2022-05-10,2022-02-28,Herc Saggs,1
54,false,2022-11-13,2022-10-22,Lula Shiel,1
55,false,2022-08-09,2022-04-16,Cory Davitashvili,1
56,true,2022-09-05,2022-10-12,Alfredo Sagg,1
57,false,2022-12-05,2022-02-27,Herby Saffle,1
58,false,2022-07-31,2022-06-28,Bruis Sherrington,1
59,true,2022-07-27,2022-12-29,Jeramie Simonian,1
60,false,2022-07-08,2022-06-05,Patrizio Pestridge,1
61,false,2022-04-24,2022-08-22,Georas Somerbell,1
62,true,2022-04-01,2022-07-06,Adella Frane,1
63,false,2022-05-17,2023-01-03,Orelee Stenner,1
64,false,2022-10-13,2022-09-04,Glenden Pothecary,1
65,false,2022-05-18,2022-07-01,Coriss Brimman,1
66,false,2022-09-28,2022-02-22,Tiffani Searles,1
67,true,2022-04-17,2022-06-17,Adriaens Feavers,1
68,false,2022-02-09,2022-10-31,Fabian Klamman,1
69,true,2022-09-22,2022-06-08,Dunstan Stroud,1
70,false,2022-03-30,2022-07-14,Rafe Hagyard,1
71,true,2022-03-07,2022-04-11,Ryley Hallmark,1
72,false,2023-01-08,2023-02-01,Shauna Stoffler,1
73,true,2023-02-16,2022-12-26,Nada Docherty,1
74,false,2022-02-21,2022-10-21,Monique Roles,1
75,false,2022-03-14,2022-07-31,Lusa Wight,1
76,false,2022-05-04,2022-10-09,Richardo Nortcliffe,1
77,true,2023-02-06,2022-08-15,Bone Sheryn,1
78,true,2022-11-28,2022-08-13,Mark Bingham,1
79,true,2022-06-29,2022-11-19,Penni Donneely,1
80,false,2022-06-16,2022-09-09,Val Bartels-Ellis,1
81,false,2022-11-29,2022-03-30,Amata Lartice,1
82,false,2022-05-01,2022-03-14,Friederike Buck,1
83,true,2022-09-03,2022-03-05,Augustus Batty,1
84,true,2022-06-01,2022-09-24,Whittaker Hawken,1
85,true,2023-01-22,2022-06-02,Harriet Straneo,1
86,true,2023-01-23,2022-03-27,Antoine Manjin,1
87,false,2022-11-14,2022-10-27,Tessie Johannes,1
88,true,2022-05-10,2023-02-01,Rodolphe Light,1
89,false,2022-04-12,2022-08-02,Georgie Mandel,1
90,true,2022-09-28,2022-04-16,Berri Mullane,1
91,false,2022-12-02,2023-01-11,Saloma Boole,1
92,true,2023-02-18,2023-01-10,Peria Forsdyke,1
93,false,2022-07-02,2022-12-25,Ludovico Klimowski,1
94,true,2022-08-30,2022-07-14,Dorry Durran,1
95,false,2022-08-10,2022-12-22,Mar Imort,1
96,true,2023-02-14,2022-10-24,Alethea Tomeo,1
97,true,2022-03-05,2023-01-20,Lina Rockwell,1
98,false,2022-09-22,2022-09-27,Luce Thamelt,1
99,true,2022-11-22,2022-12-10,Grace Toping,1
100,false,2022-11-29,2022-10-14,Ofelia Chalcot,1
101,false,2023-01-22,2022-04-30,Hector Ravillas,1
102,true,2022-02-08,2022-12-15,Jessie Renvoise,1
103,true,2022-12-22,2022-07-07,Blondy Negus,1
104,true,2022-10-28,2023-02-14,Coop Arnout,1
105,false,2022-06-19,2022-11-28,Langsdon Auchterlony,1
106,true,2022-08-23,2023-01-17,Cliff Ronchetti,1
107,true,2022-10-29,2022-11-09,Wendi Scandrite,1
108,true,2022-05-20,2022-03-29,Diego Iston,1
109,true,2022-02-27,2022-04-10,Rheta Wartnaby,1
110,false,2022-02-25,2022-07-29,Matthieu Townson,1
111,true,2022-05-17,2022-12-16,Noland Malek,1
112,true,2022-08-10,2022-03-08,Calypso Feldmann,1
113,true,2022-09-17,2023-01-25,Mortie Egiloff,1
114,true,2022-06-25,2022-10-29,Parrnell Watmore,1
115,true,2022-06-24,2022-09-05,Alie Admans,1
116,false,2022-07-19,2022-04-23,Wilone Joncic,1
117,true,2022-06-24,2023-01-30,Issy Yeoland,1
118,false,2022-02-12,2023-02-09,Pamella Niemiec,1
119,true,2023-01-02,2022-06-30,Buddy Shakelady,1
120,true,2022-08-01,2022-09-26,Elvira Lyddyard,1
121,false,2022-12-18,2022-08-26,Andrus Garrish,1
122,true,2022-11-10,2022-04-12,Zulema Commin,1
123,true,2022-04-11,2022-07-21,Pieter Kerwick,1
124,false,2022-03-12,2022-12-13,Zorah Witherby,1
125,true,2022-06-09,2022-09-30,Charlene Hardaker,1
126,false,2022-12-02,2023-02-11,Dorothy Lack,1
127,true,2022-09-29,2022-09-23,Neysa Croux,1
128,true,2022-10-29,2022-07-13,Catharina Grute,1
129,true,2022-02-12,2022-08-12,Bentlee Race,1
130,true,2022-09-13,2023-01-05,Ajay Dunsmuir,1
131,false,2022-03-17,2022-09-25,Gabriela Metterick,1
132,false,2022-03-22,2022-04-26,Tabor Hudghton,1
133,true,2023-02-14,2022-03-22,Marj Jacke,1
134,true,2022-11-24,2022-10-22,Clerkclaude Yurocjhin,1
135,true,2022-05-20,2023-01-26,Pammy Heady,1
136,false,2022-11-24,2022-06-05,Arney Battabee,1
137,false,2022-02-12,2022-12-26,Darius Cotte,1
138,false,2023-02-01,2022-09-17,Ruggiero Garvan,1
139,true,2022-05-18,2022-10-07,Brunhilde Leere,1
140,false,2022-10-18,2023-01-01,Robby Ballinger,1
141,true,2022-07-26,2022-11-22,Cale O' Mulderrig,1
142,true,2022-08-24,2023-01-31,Joeann Bovingdon,1
143,true,2022-03-02,2022-09-26,Jorgan Roscrigg,1
144,false,2022-04-23,2022-10-14,Carroll Harriday,1
145,false,2022-06-02,2022-06-23,Lev Passman,1
146,true,2022-11-25,2023-01-26,Lorelei Impleton,1
147,false,2023-01-21,2022-03-14,Suki Garvey,1
148,true,2022-05-12,2023-01-14,Belicia Luten,1
149,false,2022-06-24,2022-03-28,Roy Staterfield,1
150,true,2022-04-10,2022-10-27,Arman Greenhow,1
151,false,2022-07-11,2022-09-14,Maynard Cecil,1
152,true,2022-10-28,2022-09-14,Cyndie Aughtie,1
153,true,2023-01-25,2022-10-29,Miles Peasee,1
154,true,2023-01-12,2022-09-09,Caritta Izzatt,1
155,true,2022-10-25,2022-11-30,Leroy Binnes,1
156,false,2022-06-15,2022-08-01,Melisa Johannes,1
157,false,2022-06-11,2022-06-22,Putnam Cominotti,1
158,true,2022-12-20,2022-09-11,Bondie Merriment,1
159,false,2022-03-28,2022-11-27,Leonerd Jolliff,1
160,false,2023-02-06,2022-12-01,Corena Summerell,1
161,false,2022-06-03,2022-12-02,Noel Merriment,1
162,true,2022-10-04,2022-04-26,Donovan Luther,1
163,false,2022-05-06,2022-10-09,Ludwig Tattoo,1
164,true,2023-01-17,2022-12-28,Cathlene Mattock,1
165,true,2022-05-13,2022-04-14,Rollie McElrath,1
166,true,2022-12-03,2023-01-14,Marcelline Rosenauer,1
167,true,2022-10-15,2022-03-02,Sawyer Hannabuss,1
168,true,2022-07-26,2022-12-28,Hal Batchelor,1
169,false,2022-03-03,2022-12-22,Cyndia Coners,1
170,true,2022-05-13,2022-10-30,L;urette Van der Kruis,1
171,false,2022-11-27,2022-05-22,Dewain Labbett,1
172,true,2023-01-30,2023-01-24,Denys Godby,1
173,true,2022-10-14,2022-08-24,Adaline Kerrey,1
174,false,2023-01-21,2022-09-24,Filia De Ruggiero,1
175,true,2023-02-13,2022-04-28,Wanids Petrusch,1
176,false,2022-09-15,2022-09-11,Imogen Thorns,1
177,true,2022-03-09,2022-11-11,Remus Sweed,1
178,false,2022-09-11,2022-05-24,Tiffanie Case,1
179,true,2022-05-15,2022-06-25,Elenore Munnery,1
180,true,2022-11-03,2022-11-30,Brendin Duinkerk,1
181,true,2022-03-23,2023-01-31,Debera Hamsher,1
182,true,2022-03-07,2022-09-21,Lowell Daenen,1
183,true,2022-10-10,2022-04-04,Vernon Premble,1
184,true,2022-10-05,2022-04-12,Carlin McNeil,1
185,true,2022-11-06,2022-03-22,Claiborn Cusack,1
186,true,2023-02-07,2023-01-16,Rebekah Bastone,1
187,true,2022-02-15,2022-05-19,Archibald Janney,1
188,true,2022-06-23,2022-04-30,Marti Scoffins,1
189,true,2022-08-24,2022-05-27,Dino Farnham,1
190,false,2022-10-18,2022-05-09,Hattie Jakobsson,1
191,true,2022-05-12,2023-02-09,Griff Driver,1
192,true,2022-12-04,2022-05-29,Jerrie Blackstone,1
193,false,2022-09-08,2022-08-14,Claudelle Branthwaite,1
194,false,2022-11-17,2022-08-10,Thorin Edgler,1
195,false,2022-09-12,2022-12-13,Cristen Deschlein,1
196,true,2023-01-11,2022-12-21,Humfried Bretherton,1
197,false,2023-01-14,2022-05-11,Sheena Raiston,1
198,true,2022-09-03,2023-02-01,Nicolette Jarmaine,1
199,false,2022-07-06,2022-03-22,Netty Lindholm,1
200,false,2022-03-15,2022-08-27,Tallie Ovens,1
201,true,2022-02-15,2022-11-02,Janene LeEstut,1
202,true,2022-03-19,2022-05-14,Sherwin Eskrigg,1
203,false,2022-12-26,2022-02-28,Alistair Gerraty,1
204,false,2022-08-12,2022-10-28,Dorella Hardy-Piggin,1
205,true,2022-11-22,2022-05-03,Francklyn Reicharz,1
206,true,2023-02-18,2022-03-19,Katrina Balthasar,1
207,false,2022-04-27,2022-04-18,Candy Rubenchik,1
208,false,2022-02-18,2022-07-30,Leanor Korpolak,1
209,false,2022-04-10,2022-06-09,Joline Abele,1
210,false,2023-01-20,2023-01-11,Genna Currom,1
211,true,2023-01-24,2022-09-25,Tobias Chesney,1
212,false,2022-05-07,2022-06-24,Nye Creboe,1
213,true,2023-02-09,2022-05-24,Tatiana Ollcott,1
214,true,2022-06-11,2022-09-07,Cammy Frankcombe,1
215,false,2022-04-17,2022-10-28,Minni Drewitt,1
216,true,2022-06-22,2022-03-28,Barbaraanne Enoksson,1
217,false,2022-12-12,2022-12-13,Catina Henzer,1
218,false,2022-12-11,2022-05-20,Lenore Simmans,1
219,true,2022-02-26,2022-07-15,Barnard Tosspell,1
220,false,2022-11-17,2022-03-10,Giles Evetts,1
221,true,2022-04-06,2022-03-23,Willabella Lumly,1
222,false,2022-04-14,2023-01-30,Shandee Craigmyle,1
223,false,2022-12-03,2022-07-14,Joete Poppleston,1
224,false,2022-06-08,2022-03-12,Fiona Weller,1
225,false,2022-04-27,2022-11-21,Desi Sheasby,1
226,true,2022-03-20,2022-05-26,Sterne Streater,1
227,false,2022-07-24,2022-09-18,Lindsay Petworth,1
228,false,2022-12-11,2022-09-04,Selle Tchir,1
229,false,2022-12-02,2022-03-11,Cosette Kintzel,1
230,true,2022-12-27,2022-06-23,Caz Venneur,1
231,false,2022-05-09,2022-06-26,Ellissa Comsty,1
232,true,2022-03-26,2022-07-01,Waring Day,1
233,true,2022-07-19,2022-12-19,Constantino Croft,1
234,false,2023-01-02,2022-10-27,Chiarra Dwane,1
235,true,2022-02-08,2022-05-26,Bax Yoslowitz,1
236,true,2023-02-15,2022-06-29,Clemente Kissock,1
237,false,2023-02-19,2022-06-03,Frederich Zannolli,1
238,true,2022-07-26,2022-04-08,Peri Bielfelt,1
239,false,2022-03-13,2022-11-27,Flinn Synder,1
240,true,2022-04-10,2022-08-31,Malvin Matthewson,1
241,false,2022-07-16,2022-04-20,Flem Christmas,1
242,true,2022-08-28,2022-03-18,Bab Phelps,1
243,true,2022-08-17,2022-10-04,Lorrie Godart,1
244,true,2022-08-12,2022-06-25,Nanine Capsey,1
245,false,2022-02-20,2022-06-03,Magdalen Ballantyne,1
246,true,2022-05-21,2022-06-21,Almeta Dearnaley,1
247,true,2022-12-24,2022-10-28,Jere Upcott,1
248,true,2022-02-12,2022-09-28,Daffy Oswal,1
249,false,2022-05-03,2023-01-15,Frederico Glusby,1
250,true,2022-05-06,2022-06-24,Lanie Balshen,1
251,false,2022-02-22,2022-10-01,Frederich Bollini,1
252,false,2022-03-12,2022-10-22,Rania Wherton,1
253,false,2022-11-13,2022-06-08,Amata Giblin,1
254,true,2022-11-19,2022-10-17,Drew Pennycock,1
255,false,2022-05-06,2022-10-10,Lind Darke,1
256,false,2022-05-11,2022-12-30,Yorker Wasteney,1
257,false,2023-01-17,2022-03-02,Catherina Spurgeon,1
258,true,2022-11-02,2022-05-08,Randolph Gouldstone,1
259,true,2023-02-03,2022-11-20,Norbert Oke,1
260,true,2022-07-28,2023-01-03,Pooh Bankhurst,1
261,false,2022-10-07,2022-09-23,Agnella Cornelisse,1
262,true,2022-08-16,2022-12-19,Ilario Crowden,1
263,false,2022-05-01,2022-04-29,Free Thorn,1
264,false,2023-01-25,2022-10-17,Emmet Bagg,1
265,false,2022-05-15,2022-08-01,Gertrudis Nugent,1
266,false,2022-11-24,2022-02-25,Bev Thyng,1
267,false,2022-11-17,2022-10-05,Honor Butterley,1
268,true,2022-07-26,2023-01-09,Morly Lotterington,1
269,false,2022-03-28,2022-04-25,Hillery Batten,1
270,false,2022-03-30,2022-06-16,Roderich Bernini,1
271,true,2022-09-30,2022-03-03,Rafaellle Crighton,1
272,true,2022-05-04,2022-06-14,Erie Nance,1
273,false,2022-05-27,2022-04-26,Holmes Rosenfeld,1
274,true,2022-06-04,2022-11-28,Duncan Broxton,1
275,true,2022-11-20,2022-08-25,Benedick Vedyashkin,1
276,false,2022-04-03,2022-03-18,Annadiane Dashper,1
277,false,2022-06-10,2023-01-25,Roger Gandar,1
278,true,2023-01-29,2022-09-04,Rudiger Huntall,1
279,true,2022-08-27,2022-05-12,Oswald Owain,1
280,false,2023-01-10,2022-12-03,Calypso Burston,1
281,false,2023-01-16,2022-11-07,Elvina Pinnick,1
282,false,2022-07-13,2022-09-05,Bryce Boodle,1
283,false,2022-08-26,2023-01-03,Thayne Farnish,1
284,true,2022-03-22,2022-09-07,Adrea Ricci,1
285,false,2022-12-07,2022-05-06,Rodger Bishop,1
286,false,2023-02-15,2022-04-23,Simeon MacWhan,1
287,false,2022-04-13,2022-08-28,Hart Burn,1
288,false,2022-03-05,2022-05-20,Flor Asey,1
289,false,2022-05-31,2023-02-13,Darb Gillott,1
290,true,2022-04-28,2022-03-11,Ive Smelley,1
291,false,2022-08-29,2022-05-31,Bird Domokos,1
292,false,2022-11-23,2022-07-16,Graig Bowstead,1
293,false,2023-01-17,2022-12-12,Ardith Marham,1
294,true,2022-07-16,2023-01-08,Jordon Biddlecombe,1
295,true,2022-06-01,2022-03-22,Maible Olivi,1
296,true,2022-04-29,2022-07-27,Thom Jeeves,1
297,true,2022-03-09,2022-05-23,Wrennie Brattell,1
298,true,2022-03-25,2023-02-13,Bronson Nash,1
299,false,2022-05-20,2022-11-01,Carce Glidden,1
300,true,2022-03-13,2023-01-07,Rosalynd Aymer,1
301,false,2022-03-10,2022-06-11,Dedra Doncom,1
302,false,2022-04-28,2022-07-27,Saunders Lanney,1
303,true,2022-08-04,2022-11-08,Janella Heining,1
304,false,2022-05-24,2022-12-20,Shea Churchyard,1
305,true,2022-09-08,2023-01-11,Emmanuel Schaffel,1
306,false,2022-09-25,2022-08-25,Halsey Eixenberger,1
307,false,2022-05-15,2022-04-13,Cchaddie Petherick,1
308,true,2022-10-22,2022-12-10,Cindra Pischof,1
309,true,2022-08-31,2022-05-22,Anders Vickerstaff,1
310,false,2022-09-14,2022-06-29,Louella Von Gladbach,1
311,true,2022-12-02,2022-05-04,Cobb Keatch,1
312,false,2022-12-30,2022-03-02,Gawain De Courtney,1
313,false,2022-08-27,2023-02-01,Alecia Spon,1
314,true,2022-08-24,2023-01-09,Ambrosi Seiter,1
315,true,2022-06-13,2022-07-10,Theo Kingsly,1
316,false,2022-04-18,2022-07-10,Tamarah Batman,1
317,false,2022-05-21,2023-01-02,Nikolaos Fitzgerald,1
318,true,2022-10-15,2022-03-04,Dari Ivatts,1
319,true,2023-01-20,2022-11-07,Madelene Piborn,1
320,true,2023-01-13,2023-01-02,Spence Goodliff,1
321,true,2022-03-18,2022-06-19,Jay Satterley,1
322,false,2022-10-28,2022-06-23,Gus Nevet,1
323,true,2022-06-18,2022-07-29,Terry Rennie,1
324,true,2022-12-13,2022-11-17,Alysia Gimenez,1
325,true,2022-11-17,2023-01-05,Ainslee Copley,1
326,true,2022-02-20,2022-07-10,Nigel Beynkn,1
327,false,2022-09-26,2022-12-20,Neilla Titlow,1
328,false,2022-08-22,2022-12-26,Nelson Pryn,1
329,false,2022-06-07,2022-07-01,Jordan Goundsy,1
330,true,2022-08-12,2022-08-30,Myles Hartwell,1
331,false,2022-11-29,2022-07-23,Ewen Vanyakin,1
332,true,2023-02-18,2022-03-17,Floris Gress,1
333,false,2022-12-09,2022-09-30,Pru Sobczak,1
334,false,2022-06-21,2022-12-15,Casandra Cranny,1
335,false,2022-08-02,2023-01-13,Corbin Whines,1
336,true,2022-07-09,2022-12-16,Ezechiel Ferre,1
337,true,2022-02-10,2022-06-30,Sherri Grinsted,1
338,true,2022-07-22,2022-09-20,Ibby Acton,1
339,true,2022-10-15,2022-09-12,Jemima Mor,1
340,true,2022-10-14,2022-10-27,Elwyn Kenchington,1
341,true,2022-06-03,2022-12-08,Kurt Swindall,1
342,false,2022-12-29,2022-08-02,Shirley Robertis,1
343,true,2022-04-20,2022-10-22,Vassily Delph,1
344,false,2023-02-09,2022-10-17,Trevor Wessell,1
345,true,2022-10-10,2022-06-27,Pearce Gozard,1
346,true,2023-02-07,2023-01-28,Chicky Beche,1
347,true,2022-07-03,2022-12-12,Brianna Muggach,1
348,true,2022-06-07,2022-11-15,Cindy Truluck,1
349,false,2022-11-12,2022-05-06,Linda Otter,1
350,false,2022-07-08,2022-11-03,Heywood Hawksley,1
351,false,2023-01-15,2022-03-29,Darb Abeles,1
352,false,2022-03-08,2023-01-15,Ezra Kettlewell,1
353,true,2022-12-27,2022-10-28,Bernard Olenichev,1
354,true,2022-12-01,2022-07-31,Gilli Chellam,1
355,false,2022-09-17,2022-05-06,Yves Grabert,1
356,false,2022-04-19,2022-11-17,Alissa Deeble,1
357,true,2023-01-19,2022-03-18,Stace Carman,1
358,true,2022-02-27,2022-07-13,Franky Laurence,1
359,false,2022-04-06,2023-01-15,Virginie Catlin,1
360,false,2022-09-26,2023-02-05,Goldia Huygens,1
361,false,2022-03-25,2022-11-06,Wendeline Maciaszek,1
362,false,2023-02-12,2023-01-26,Wilburt Placstone,1
363,false,2022-03-25,2022-07-15,Issiah Ellard,1
364,false,2022-09-18,2022-02-28,Gustavus Stoodley,1
365,false,2023-02-05,2022-08-11,Ellery Sopp,1
366,true,2022-06-20,2023-01-14,Ancell Garmanson,1
367,true,2023-01-03,2022-09-12,Goldi Cunningham,1
368,true,2022-08-02,2023-01-16,Giulia Spence,1
369,false,2023-02-04,2022-04-28,Marietta Montfort,1
370,false,2022-10-26,2022-05-14,Gilli Milkeham,1
371,false,2022-11-11,2022-07-14,Constantine Fortnum,1
372,true,2022-06-13,2022-11-12,Jule McEnery,1
373,false,2022-11-06,2023-01-16,Vance Ditty,1
374,false,2022-04-02,2022-09-26,Lyndsay Loyndon,1
375,false,2023-01-01,2022-10-26,Lacey Antcliffe,1
376,false,2022-11-14,2022-11-16,Illa Doneld,1
377,false,2022-07-29,2022-12-12,Ree Darthe,1
378,false,2022-10-17,2023-02-14,Kalinda Lamboll,1
379,false,2022-04-04,2022-04-04,Merle Eales,1
380,false,2022-06-24,2022-04-22,Adams Andrichuk,1
381,true,2022-03-31,2022-10-01,Lynnell MacTerlagh,1
382,false,2023-01-20,2022-06-12,Celestina Massey,1
383,true,2022-06-25,2022-07-29,Simonne Rao,1
384,true,2022-02-18,2022-08-08,Clifford Owers,1
385,false,2022-04-24,2022-07-17,Frederick Schultz,1
386,false,2022-04-29,2022-04-17,Modesty Arnoll,1
387,false,2022-08-23,2022-09-22,Alley Simoneau,1
388,true,2022-12-11,2022-02-28,Kory Bushrod,1
389,false,2022-10-14,2023-01-01,Gertie Delieu,1
390,true,2023-01-09,2022-05-24,Rodney Stathor,1
391,true,2023-01-30,2022-08-17,Danyelle Seemmonds,1
392,true,2022-07-14,2022-04-08,Dilan Dybald,1
393,false,2022-10-28,2022-11-27,Cybill Cuolahan,1
394,false,2022-10-15,2022-09-14,Giulia Rosier,1
395,true,2022-02-09,2022-06-28,Jeremias Tibols,1
396,false,2022-08-22,2023-01-11,Dougy Paggitt,1
397,true,2022-04-28,2022-06-23,Annmarie Bertome,1
398,false,2022-07-18,2022-10-24,Henrik Hastler,1
399,false,2022-12-26,2023-01-05,Alfonso Miles,1
400,false,2022-06-18,2022-03-02,Pat Dufore,1
401,true,2023-02-03,2023-01-17,Kali Mansell,1
402,false,2023-01-03,2022-06-04,Cord Handke,1
403,false,2022-09-11,2022-05-04,Blinnie Ingram,1
404,false,2022-08-30,2022-07-17,Juan Braddon,1
405,true,2022-09-05,2023-01-11,Aubrette Ipplett,1
406,true,2022-04-21,2022-03-16,Justinian Curmi,1
407,false,2022-09-09,2022-04-02,Pauly Chesshire,1
408,true,2023-02-03,2022-09-12,Seline Seldner,1
409,true,2022-08-24,2022-04-05,Atlanta Cordrey,1
410,false,2022-04-23,2022-06-02,Tremaine Jime,1
411,true,2022-05-15,2022-09-26,Sofie Seares,1
412,false,2022-09-29,2022-12-27,Uta Kennifick,1
413,false,2022-08-12,2022-11-28,Dimitri Marchetti,1
414,true,2022-11-13,2022-07-15,Genny Haldane,1
415,true,2022-11-24,2022-06-10,Nari Bassett,1
416,true,2022-02-08,2022-10-17,Hermon Vales,1
417,false,2022-09-14,2022-05-04,Clea Saltern,1
418,false,2023-02-17,2022-03-11,Murry Gunston,1
419,false,2023-01-26,2022-10-07,Yancey Shears,1
420,false,2022-03-21,2022-06-19,Caspar Howells,1
421,false,2022-11-10,2022-06-06,Sebastian Giff,1
422,false,2022-11-04,2022-08-23,Anabel Brasher,1
423,true,2022-07-27,2022-05-24,Fawn Ronisch,1
424,true,2022-11-16,2022-07-10,Gabie Dunridge,1
425,true,2022-11-02,2022-09-11,Antonin Sealeaf,1
426,true,2022-06-23,2022-05-21,Carlita Drieu,1
427,false,2023-01-07,2022-02-28,Tamarah Lawfull,1
428,true,2022-10-30,2022-05-28,Tyrone Jayume,1
429,false,2023-01-08,2022-07-01,Cornelia Counter,1
430,false,2022-02-22,2022-12-13,Sergent Peers,1
431,false,2022-03-02,2022-09-18,Kirby Roscow,1
432,true,2022-11-03,2022-12-21,Yorke McGlade,1
433,true,2022-06-21,2022-07-05,Corie Dorcey,1
434,true,2022-08-24,2022-05-28,Cristen Aingell,1
435,false,2022-10-10,2022-05-12,Jourdan Phelipeau,1
436,true,2022-05-05,2022-06-07,Aubrie De Pietri,1
437,true,2022-07-18,2022-12-30,Nicolai Endrizzi,1
438,false,2022-12-17,2022-03-12,Hedwig Blankhorn,1
439,false,2022-06-14,2022-09-22,Cybill Dorset,1
440,true,2022-05-01,2022-10-22,Shanta Maywood,1
441,false,2022-06-10,2022-04-12,Clarita Bech,1
442,false,2022-10-22,2022-12-15,Berky Wytchard,1
443,true,2022-09-15,2022-05-03,Ezechiel Bodham,1
444,true,2023-01-11,2022-12-13,Shannan Deeks,1
445,false,2022-04-12,2022-09-15,Taber Jahnisch,1
446,true,2022-12-08,2022-04-16,Edvard Eidelman,1
447,false,2022-03-11,2022-07-22,Phelia Savary,1
448,true,2022-05-25,2022-05-25,Pyotr Paragreen,1
449,false,2022-11-15,2022-02-22,Merle Hopkins,1
450,true,2022-04-02,2022-03-01,Gideon Barnaclough,1
451,true,2022-07-12,2023-01-30,Sharla Faulds,1
452,false,2022-02-09,2022-07-07,Wallis Prestedge,1
453,true,2022-04-07,2022-10-11,Michaeline Fatscher,1
454,false,2022-11-13,2022-05-15,Gaby MacGillespie,1
455,true,2022-05-10,2022-04-20,Adriena Burgane,1
456,true,2022-02-22,2022-08-16,Emmalynn Slyme,1
457,false,2022-06-09,2022-12-29,Camellia Didsbury,1
458,false,2022-11-11,2022-06-06,Cinda Devennie,1
459,false,2022-10-03,2022-11-05,Roch Scutt,1
460,true,2022-03-20,2022-07-18,Araldo Buckeridge,1
461,true,2022-08-18,2022-08-04,Neal Baty,1
462,true,2023-01-25,2022-06-28,Barn Gundry,1
463,true,2022-03-13,2023-01-01,Elsie Napoli,1
464,true,2022-07-03,2022-04-22,Derk Moth,1
465,false,2022-12-15,2022-02-23,Dorian Lamartine,1
466,true,2022-07-15,2022-07-16,Ewen Andresser,1
467,false,2022-10-03,2022-06-24,Carree Matiebe,1
468,true,2023-01-20,2023-01-17,Oralla Melmoth,1
469,false,2023-01-24,2022-07-29,Karlan Gamage,1
470,false,2022-02-19,2022-07-06,Emilie Heijnen,1
471,true,2022-06-04,2022-11-09,Tomasina Kent,1
472,true,2022-09-09,2023-02-03,Tully Hardiker,1
473,true,2022-05-16,2022-09-02,Matthiew Camidge,1
474,true,2022-06-17,2022-09-13,Peterus Fance,1
475,false,2022-03-07,2022-05-06,Lia Lodeke,1
476,false,2022-10-03,2022-03-06,Wynny Maric,1
477,false,2022-10-27,2022-04-29,Erik Gyurkovics,1
478,false,2023-02-03,2022-07-11,Jorgan Seagood,1
479,false,2022-11-18,2022-02-28,Marina Slemmonds,1
480,true,2022-12-24,2022-03-18,Arman Surman-Wells,1
481,true,2023-01-08,2022-12-20,Breena Bault,1
482,true,2022-06-11,2022-06-25,Elsinore Pitkins,1
483,false,2022-08-04,2022-12-27,Devlen De Ambrosi,1
484,true,2022-03-07,2022-03-28,Darb Suttie,1
485,true,2022-11-27,2022-11-23,Ebeneser Benda,1
486,true,2022-03-19,2022-12-05,Beryle Warbrick,1
487,true,2022-09-11,2022-10-02,Gregorio Viel,1
488,true,2022-12-30,2022-03-15,Lonnard Nemchinov,1
489,true,2022-12-28,2022-07-07,Karoly Brendel,1
490,false,2022-11-17,2023-02-12,Walther Savery,1
491,false,2022-03-17,2023-01-24,Wildon Kirkbride,1
492,true,2022-08-21,2022-12-22,Charmian Hunnable,1
493,true,2022-10-11,2023-01-02,Barb Hamerton,1
494,true,2022-08-23,2022-07-06,Kelsi Berisford,1
495,false,2022-03-01,2023-01-10,Moise Tod,1
496,false,2022-07-16,2023-02-13,Fowler Deards,1
497,true,2023-01-28,2022-03-20,Ruprecht McAllester,1
498,false,2022-03-25,2022-08-02,Deerdre Antonijevic,1
499,true,2022-02-28,2023-01-26,Dianna Mullin,1
500,true,2022-09-01,2022-07-06,Moise Jayme,1
501,true,2022-02-24,2022-07-30,Shem Grubb,1
502,true,2022-03-14,2022-09-02,Gleda Scogings,1
503,false,2022-07-03,2022-06-13,Ruthy Happer,1
504,true,2022-12-10,2022-08-19,Louie Youell,1
505,false,2022-07-29,2022-09-08,Shela Dilger,1
506,true,2022-12-01,2022-03-05,Goldia Lippi,1
507,true,2022-10-11,2022-04-23,Nedda Batten,1
508,true,2022-12-22,2022-06-11,Moshe Huggens,1
509,true,2022-10-11,2022-06-12,Alidia Leverington,1
510,false,2022-08-09,2022-05-19,Riobard Stanbury,1
511,false,2022-12-16,2022-06-01,Clair Porcas,1
512,true,2023-01-21,2022-09-25,Matthus Corragan,1
513,false,2022-06-21,2022-07-19,Thatch Bohlmann,1
514,false,2022-04-20,2022-04-30,Rubia Enderlein,1
515,true,2022-07-15,2022-10-02,Sydney Swainsbury,1
516,true,2022-09-03,2023-02-08,Winny Gilliver,1
517,false,2022-06-28,2022-11-02,Yalonda Coatsworth,1
518,false,2022-05-27,2022-12-09,Dominique Moss,1
519,true,2022-12-06,2023-01-19,Auguste Kinastan,1
520,false,2023-01-21,2022-12-30,Clem Brewett,1
521,false,2022-09-20,2022-03-19,Nathaniel Wollaston,1
522,false,2023-02-14,2022-11-28,Orv Zute,1
523,true,2022-03-13,2022-03-26,Cristin Scudders,1
524,true,2022-08-17,2022-06-27,Devora McDonald,1
525,true,2022-08-10,2022-10-13,Denis Pettingill,1
526,false,2022-09-25,2022-03-07,Glyn Hinckes,1
527,false,2022-12-24,2022-12-17,Umberto Sture,1
528,true,2022-12-31,2022-07-07,Madge Queree,1
529,false,2022-07-24,2022-04-06,Ari Egglestone,1
530,false,2022-07-12,2022-09-09,Clem Besant,1
531,false,2022-04-10,2022-05-19,Jamesy Bimson,1
532,true,2022-08-20,2022-03-13,Amalita Inderwick,1
533,true,2022-10-17,2022-07-10,Rhett Webbe,1
534,false,2022-12-18,2022-11-10,Seana Garrold,1
535,false,2022-10-11,2022-09-20,Lorain Leary,1
536,true,2022-09-16,2022-08-13,Anselm Hazeley,1
537,false,2022-03-07,2022-11-29,Freddy Dunnet,1
538,true,2022-11-11,2022-03-28,Kippy Vaughn,1
539,true,2022-12-08,2022-08-01,Ulrica Dowle,1
540,true,2022-07-19,2022-06-02,Toiboid Giacopazzi,1
541,false,2023-01-15,2022-11-15,Marco Rouch,1
542,true,2022-07-12,2022-07-08,Rochelle Dollar,1
543,true,2022-10-27,2022-12-24,Gino Feldstein,1
544,true,2022-03-27,2022-09-05,Tommy Flintoffe,1
545,false,2022-11-18,2022-11-13,Devora Riquet,1
546,true,2023-01-16,2022-06-22,Austina Knoles,1
547,false,2022-12-27,2022-07-28,Addie Rowlands,1
548,true,2022-04-29,2022-10-16,Corbett Kubach,1
549,false,2023-01-29,2022-12-22,Starr Milby,1
550,true,2022-11-18,2022-10-17,Rriocard Killingworth,1
551,true,2023-02-07,2022-12-08,Haley Gircke,1
552,true,2022-11-06,2022-07-12,Katey Vasyagin,1
553,true,2022-09-12,2023-01-03,Del Willerstone,1
554,true,2022-12-04,2022-06-25,Oralle Leyshon,1
555,false,2022-06-11,2022-04-01,Myrna Gallard,1
556,true,2022-07-25,2022-09-27,Dudley Gratrex,1
557,true,2022-03-31,2022-08-25,Hayward Allery,1
558,false,2022-12-20,2022-07-13,Bren Lawleff,1
559,false,2022-08-19,2022-04-21,Romola Brewett,1
560,false,2022-03-19,2022-09-17,Nathan Zieme,1
561,false,2022-09-13,2022-06-14,Konstantine Mumbray,1
562,true,2022-04-15,2022-06-22,Charlton Lednor,1
563,true,2022-12-20,2022-09-22,Marty Fewell,1
564,false,2022-11-24,2022-06-15,Salmon Kirman,1
565,false,2022-03-14,2022-07-06,Ulrica Dolan,1
566,false,2022-08-11,2022-09-29,Stanislas Grinval,1
567,false,2022-07-08,2023-02-04,Shaughn Crilly,1
568,true,2022-09-11,2023-01-28,Tymothy Fawloe,1
569,true,2022-10-02,2022-10-27,Felipa Mazzeo,1
570,false,2022-03-14,2022-04-25,Brion Trelease,1
571,false,2022-08-30,2022-12-10,Annette Grancher,1
572,false,2022-03-17,2022-10-14,Daphene Fowells,1
573,true,2023-02-05,2022-09-23,Ethelind Mackett,1
574,true,2022-09-09,2022-08-17,Keri Linthead,1
575,false,2022-10-03,2023-01-03,Currey Rainbird,1
576,false,2022-02-26,2023-01-29,Gabie Millgate,1
577,true,2022-06-29,2022-03-09,Heath Cardero,1
578,false,2022-09-04,2023-01-28,Birgit Rappport,1
579,false,2022-02-24,2022-09-02,Ferguson Roalfe,1
580,false,2022-09-08,2022-05-11,Jeanette Braznell,1
581,true,2022-04-05,2022-11-26,Zara Mehaffey,1
582,false,2022-10-11,2022-05-21,Scot Sherry,1
583,false,2022-04-30,2023-01-12,Elia Petrasch,1
584,true,2022-12-02,2022-09-30,Daphene Wrench,1
585,false,2022-08-05,2022-12-13,Poppy Dufour,1
586,true,2022-03-11,2022-07-04,Morena Dumbare,1
587,true,2022-07-04,2022-06-15,Holli Smaridge,1
588,false,2022-07-30,2022-10-05,Teri Oehme,1
589,false,2022-03-26,2022-04-03,Philis Pervew,1
590,false,2022-10-02,2022-07-14,Ban Pierri,1
591,true,2022-12-13,2022-06-19,Marchelle Corfield,1
592,false,2022-12-29,2022-06-24,Conroy Itzkovwich,1
593,true,2022-07-04,2022-11-13,Olwen Honack,1
594,true,2022-11-10,2022-08-20,Jenelle Prestner,1
595,false,2022-04-24,2023-02-12,Dominique Hulburd,1
596,true,2022-08-31,2022-04-15,Avis Rustadge,1
597,false,2022-02-22,2022-11-09,Trudy Dinley,1
598,true,2022-12-30,2022-07-02,Gwen Turbayne,1
599,true,2023-01-16,2022-08-16,Gisella Bogey,1
600,true,2022-06-23,2022-07-15,Renard Lochrie,1
601,true,2022-05-09,2022-05-24,Chantal Spare,1
602,true,2022-03-13,2022-12-16,Kiley Jessopp,1
603,true,2022-08-08,2022-11-03,Fidela Vasser,1
604,true,2022-05-06,2022-09-03,Catie Westmoreland,1
605,true,2022-06-08,2023-02-13,Tamera Dubock,1
606,false,2022-07-23,2023-02-12,Nicola McLarens,1
607,true,2022-10-30,2022-12-19,Krista Whetland,1
608,true,2023-01-17,2022-09-17,Aurelea MacKenney,1
609,false,2022-11-03,2023-01-14,Frankie Heel,1
610,false,2022-04-06,2022-12-28,Meg Bartolijn,1
611,true,2022-10-17,2022-03-10,Willi Clacey,1
612,false,2022-09-21,2022-12-31,Johnath Ridhole,1
613,true,2022-06-27,2022-07-13,Nadeen Warrender,1
614,false,2022-10-18,2022-09-05,Michell Jones,1
615,false,2022-09-26,2023-01-04,Baudoin Saltern,1
616,true,2022-10-06,2022-12-10,Marcellus Luisetti,1
617,true,2022-05-31,2022-07-30,Quinton Griniov,1
618,false,2022-07-11,2022-12-26,Dorine Corday,1
619,true,2023-02-07,2022-08-29,Brion Wignall,1
620,true,2022-10-22,2022-10-19,Eloisa Guinnane,1
621,false,2022-03-12,2022-12-28,Chickie Dalla,1
622,false,2022-11-12,2022-03-10,Law Thompson,1
623,true,2022-05-16,2022-04-04,Stesha Schubart,1
624,false,2022-12-16,2022-03-23,Berne Girkin,1
625,true,2023-01-12,2022-10-22,Inger Foston,1
626,true,2022-12-17,2022-04-12,Ruby Letcher,1
627,true,2022-10-22,2022-10-31,Jelene Berzons,1
628,false,2022-05-02,2022-03-04,Gloriane Anselm,1
629,false,2022-11-24,2022-06-02,Matthiew Kyneton,1
630,false,2022-07-01,2022-02-22,Jennica Well,1
631,false,2023-02-10,2022-08-15,Bamby Reeder,1
632,false,2022-02-10,2022-09-18,Sayers O'Sherin,1
633,false,2022-06-28,2022-09-03,Cristabel Margrem,1
634,false,2022-07-17,2022-09-17,Elbertina Manach,1
635,true,2022-10-01,2022-02-22,Killie Purle,1
636,false,2022-09-11,2023-01-06,Carin Clouston,1
637,false,2022-03-26,2022-03-08,Bradley Wahncke,1
638,false,2022-06-07,2022-04-23,Inness Kennon,1
639,true,2022-11-22,2022-11-02,Kyle Golda,1
640,true,2022-02-18,2022-10-08,Kermie Koenen,1
641,false,2022-05-10,2022-06-17,Eydie Lillgard,1
642,false,2023-01-05,2022-11-30,Gwenora Yanshinov,1
643,true,2022-11-19,2023-02-04,Fionnula Menichillo,1
644,false,2022-08-08,2022-08-15,Kristoffer Oakinfold,1
645,true,2023-01-26,2022-03-05,Kim Gilfoyle,1
646,true,2023-01-04,2023-02-14,Sergio Milburne,1
647,false,2022-09-27,2023-01-12,Renae Winfield,1
648,false,2022-06-04,2022-04-18,Darcey Bulluck,1
649,true,2023-02-07,2022-03-01,Mitch De Ferrari,1
650,false,2023-01-10,2023-02-10,Kalli Simmings,1
651,true,2022-02-24,2022-05-29,Trefor Fley,1
652,true,2022-10-28,2022-08-24,Rickie Bernucci,1
653,true,2022-06-29,2023-01-19,Consolata Boustred,1
654,true,2022-11-10,2022-08-05,Concordia Fussie,1
655,true,2022-06-12,2023-01-05,Ellie Frays,1
656,false,2022-08-07,2022-04-11,Eirena Burstowe,1
657,true,2022-08-28,2022-05-03,Allyn Duckworth,1
658,false,2022-08-19,2022-03-01,Carilyn Delagua,1
659,true,2022-05-05,2022-12-19,Joane Tisor,1
660,true,2022-02-22,2022-07-10,Arty Birkin,1
661,true,2022-02-14,2022-10-11,Goraud Road,1
662,true,2022-11-27,2022-02-22,Quintin Cossons,1
663,false,2022-06-18,2022-09-06,Lilli Packham,1
664,false,2022-09-01,2022-05-16,Mariam Doerr,1
665,false,2022-10-20,2022-04-29,Alli Lankham,1
666,false,2022-03-26,2022-08-08,Darline Zuanelli,1
667,true,2022-11-15,2022-10-11,Ethelin Santer,1
668,false,2023-01-31,2022-06-09,Lorrin Fellgate,1
669,false,2022-09-07,2023-01-06,Laney Heighway,1
670,true,2023-01-14,2022-07-05,Salomone Hollow,1
671,true,2022-05-17,2022-06-23,Jocelyne Dayly,1
672,false,2022-08-23,2023-01-19,Halli Sipson,1
673,true,2022-04-15,2022-04-29,Olivero O'Dempsey,1
674,false,2022-12-19,2022-06-14,Ninetta Gansbuhler,1
675,false,2022-05-25,2022-10-14,Coreen Leguey,1
676,false,2022-07-27,2022-09-30,Diane-marie Benadette,1
677,true,2022-05-06,2022-10-10,Tomasina Staries,1
678,true,2022-06-18,2022-10-29,Peder Klewer,1
679,true,2022-12-16,2022-02-25,Melantha Phillot,1
680,false,2022-11-05,2022-08-26,Cirilo Mafham,1
681,false,2022-07-29,2022-04-04,Nichole Payne,1
682,false,2022-04-11,2022-03-07,Malissia Oneile,1
683,false,2022-02-06,2022-08-18,Jonas Turn,1
684,true,2022-07-20,2022-03-21,Jody Slidders,1
685,false,2022-03-22,2022-04-25,Lillian Shillito,1
686,false,2022-09-16,2022-08-07,Brooke Rookes,1
687,false,2022-12-12,2022-03-06,Ezra Zarb,1
688,true,2023-01-27,2022-11-24,Marlyn Grono,1
689,false,2022-12-03,2022-12-30,Christel Foulcher,1
690,false,2022-09-16,2022-10-07,Phaidra Pridding,1
691,true,2022-07-07,2022-12-24,Latia Ughi,1
692,false,2022-08-05,2022-07-10,Bertram Baford,1
693,true,2022-12-29,2022-08-10,Beale Sugars,1
694,true,2022-03-09,2022-06-14,Dulcy Grzeszczyk,1
695,true,2022-07-10,2022-03-25,Lulu Ganford,1
696,true,2022-12-16,2022-12-08,Kattie Axtens,1
697,false,2022-04-21,2022-11-14,Babara Tanswell,1
698,true,2022-03-26,2023-02-04,Boy Reace,1
699,false,2022-10-14,2022-09-16,Dougy Beaford,1
700,false,2022-08-03,2023-01-18,Brittaney Palmby,1
701,false,2022-04-19,2022-07-10,Sandie Pillifant,1
702,false,2022-11-13,2022-11-23,Diarmid Brompton,1
703,false,2023-02-06,2022-08-26,Portia Marcum,1
704,true,2022-04-28,2022-12-28,Chrissy Neller,1
705,false,2022-10-05,2022-05-31,Reidar Drane,1
706,false,2022-08-11,2022-10-20,Tamera Wanjek,1
707,true,2023-01-31,2022-10-21,Cordula Barreau,1
708,true,2022-05-03,2022-06-08,Hagan Gogan,1
709,true,2022-12-30,2022-04-11,Selinda Guinnane,1
710,false,2022-09-20,2022-05-15,Minnaminnie Newnham,1
711,true,2022-04-19,2022-06-15,Karla Hanvey,1
712,true,2022-07-24,2022-06-14,Shirline Sothern,1
713,true,2022-05-01,2022-11-10,Teri Ferenczi,1
714,true,2022-12-13,2022-08-18,Morten Sleigh,1
715,true,2022-07-01,2022-12-18,Pate Hyne,1
716,true,2022-06-04,2022-09-23,Grete Gumb,1
717,true,2022-04-10,2022-10-23,Glynda Whiteside,1
718,true,2022-03-31,2022-05-04,Hogan Clemenzi,1
719,false,2022-03-05,2022-05-31,Judi Queyos,1
720,false,2022-05-14,2022-09-29,Anallise Shann,1
721,false,2022-05-08,2022-08-11,Tove Delafont,1
722,false,2022-02-19,2022-03-24,Aime Sweetland,1
723,false,2022-05-30,2022-06-17,Lambert Gartside,1
724,true,2022-04-29,2022-03-27,Renard Worthing,1
725,false,2023-01-22,2022-06-11,Deane Blore,1
726,true,2022-05-30,2022-09-26,Nikaniki Middlemiss,1
727,false,2022-02-21,2022-07-04,Robinette Greiswood,1
728,false,2022-09-08,2022-10-31,Donnajean Cullin,1
729,false,2022-04-10,2022-10-16,Dosi Wilstead,1
730,false,2023-01-20,2022-04-08,Carver Woolmer,1
731,true,2022-10-28,2022-08-14,Gertie Boarder,1
732,true,2022-06-29,2023-01-18,Tobin Collidge,1
733,false,2022-11-24,2022-11-13,Forester Korpal,1
734,true,2022-12-17,2022-08-02,Melisande Stanbury,1
735,true,2022-12-04,2022-11-19,Fleur Sandon,1
736,false,2022-11-04,2022-03-14,Brigid Klewi,1
737,true,2022-06-03,2022-12-16,Brodie Bernardinelli,1
738,false,2022-09-03,2022-09-08,Cornela Gergher,1
739,true,2022-02-18,2023-01-01,Judye Chadburn,1
740,true,2022-08-15,2022-08-16,Paddie Eat,1
741,false,2022-07-04,2022-08-11,Lane Govinlock,1
742,false,2022-04-04,2022-12-10,Lorilee Hayman,1
743,true,2022-12-02,2022-11-05,Ardra Everall,1
744,false,2022-05-19,2022-07-21,Tommi Labrone,1
745,true,2022-07-20,2023-01-26,Pedro Jeram,1
746,false,2022-05-29,2023-01-11,Jarrad Brunsen,1
747,true,2023-01-02,2022-08-08,Danila Swinnard,1
748,true,2022-08-17,2023-01-17,Shel Flieg,1
749,false,2022-03-14,2022-10-19,Anatole Mein,1
750,true,2022-12-19,2022-10-12,Penn Kix,1
751,false,2022-11-07,2022-10-07,Jaymie Raddish,1
752,false,2022-03-22,2022-06-16,Micheal Hallsworth,1
753,false,2022-06-02,2022-12-31,Nadia Hixley,1
754,false,2022-07-26,2022-05-26,Diane Daunay,1
755,true,2022-10-17,2022-09-02,David Sadd,1
756,true,2022-11-24,2022-12-04,Mathilda Grimmert,1
757,false,2022-06-27,2022-07-19,Adriana Whodcoat,1
758,true,2022-10-02,2022-07-19,Abra Spary,1
759,false,2022-05-29,2022-04-05,Charlotte Korpolak,1
760,true,2022-06-22,2022-11-27,Chicky Willan,1
761,false,2022-02-25,2022-04-26,Radcliffe Giacubbo,1
762,false,2023-02-16,2022-07-02,Kleon Reynoldson,1
763,false,2022-08-01,2022-12-31,Reece Dytham,1
764,false,2022-06-25,2022-09-28,Vergil Chilley,1
765,true,2022-05-05,2022-08-04,Laurella Bloss,1
766,true,2022-06-11,2022-06-21,Zilvia Huskisson,1
767,false,2022-11-01,2022-05-01,Lorenza Brannan,1
768,true,2022-05-08,2022-09-25,Gaelan Shapland,1
769,true,2023-02-02,2022-10-05,Andromache Larcier,1
770,false,2022-06-22,2022-08-12,Linnet Crehan,1
771,false,2022-07-30,2022-05-24,Odo Bickardike,1
772,true,2022-09-02,2022-04-11,Moselle Delort,1
773,false,2022-05-24,2022-05-06,Sibeal Pring,1
774,false,2022-06-21,2022-06-23,Bibbie Reppaport,1
775,true,2022-10-28,2022-04-17,Christy Pattini,1
776,false,2022-08-09,2022-06-13,Farlie Child,1
777,false,2022-08-20,2022-03-20,Rosalia Pionter,1
778,true,2022-11-29,2022-10-27,Kimmie Mallows,1
779,false,2022-02-08,2022-08-30,Morly Stovell,1
780,true,2022-04-28,2022-11-11,Wain Fullalove,1
781,true,2022-05-15,2022-03-23,Nan Laydon,1
782,false,2022-08-29,2022-04-20,Sol Seabridge,1
783,true,2022-02-25,2022-02-27,Gerrard Hargate,1
784,false,2022-02-15,2023-02-05,Yankee Scraney,1
785,false,2022-09-11,2022-11-21,Perri Cardillo,1
786,false,2023-01-16,2023-01-04,Heida Knoble,1
787,true,2022-12-07,2023-02-11,Petra Rosgen,1
788,false,2022-08-15,2023-01-23,Mortimer Haxbie,1
789,true,2022-02-25,2022-11-09,Madlen Battams,1
790,false,2022-03-01,2022-12-01,Colleen Huskisson,1
791,false,2022-12-05,2023-01-20,Welbie de Banke,1
792,false,2022-06-27,2022-07-28,Marijn Wicks,1
793,false,2022-05-07,2022-04-02,Lyda MacDirmid,1
794,true,2023-01-14,2022-03-16,Ange Oxton,1
795,false,2022-07-06,2022-07-29,Jerrome Owbridge,1
796,false,2022-03-11,2022-03-03,Ben Garshore,1
797,false,2022-08-31,2022-07-20,Paula Raddan,1
798,true,2022-05-15,2022-08-09,Marigold Skippen,1
799,false,2022-03-05,2022-09-22,Camella Abels,1
800,true,2022-06-05,2022-03-17,Nathanael Loffhead,1
801,false,2022-04-30,2022-03-08,Mile Quare,1
802,false,2022-04-22,2022-09-20,Holt Tellenbrook,1
803,true,2022-03-05,2023-01-09,Lyn Gilburt,1
804,true,2022-11-16,2023-01-16,Jade Frankel,1
805,false,2023-01-08,2022-09-10,Jeromy Le Franc,1
806,true,2022-05-08,2022-05-02,Dav Helliker,1
807,true,2022-11-10,2022-08-11,Evangelina Rablan,1
808,true,2022-06-05,2023-02-12,Perceval Crates,1
809,true,2022-04-06,2022-06-30,Athene Botterill,1
810,true,2022-08-31,2022-07-29,Colin Gowrie,1
811,false,2022-08-09,2023-02-07,Curtice Girardy,1
812,false,2023-02-15,2022-06-19,Freemon Wesgate,1
813,false,2022-03-08,2022-10-11,Nollie Hesse,1
814,true,2022-06-02,2022-04-23,Luella Longworthy,1
815,true,2022-04-02,2022-04-10,Barbie Teffrey,1
816,false,2022-11-24,2023-01-04,Loralee Danslow,1
817,true,2023-02-03,2022-11-20,Kiele Towler,1
818,true,2022-09-29,2022-11-20,Urban Baldoni,1
819,false,2022-10-12,2022-05-05,Ax Moy,1
820,true,2022-03-16,2022-06-04,Filia Hankey,1
821,false,2022-05-28,2022-03-09,Blancha Hoggetts,1
822,true,2022-06-29,2022-08-19,Issi Linggard,1
823,false,2022-07-08,2022-03-22,Thorny Pottberry,1
824,true,2022-07-13,2022-03-29,Waylon Delgardillo,1
825,true,2022-12-09,2022-08-21,Liza Steuhlmeyer,1
826,true,2022-10-30,2022-05-14,Meriel Lorentz,1
827,false,2023-02-12,2022-11-03,Erinn Truluck,1
828,true,2023-02-09,2023-01-27,Collen Noraway,1
829,false,2022-08-29,2023-02-01,Bevin Peasnone,1
830,true,2022-08-16,2022-05-05,Jewel Lempke,1
831,false,2022-05-01,2022-09-07,Giana Argabrite,1
832,true,2022-11-02,2022-08-09,Suki Ellett,1
833,true,2022-04-22,2022-06-28,Tomasine Cow,1
834,false,2022-07-17,2022-03-07,Anneliese Bengough,1
835,true,2022-10-04,2022-10-09,Felipe Sammonds,1
836,false,2023-01-16,2022-12-07,Trixy Fritschel,1
837,false,2023-01-26,2022-04-12,Delly Mingotti,1
838,false,2022-08-15,2022-06-10,Noelani Soane,1
839,false,2022-12-17,2023-01-17,Layne Syne,1
840,true,2022-02-22,2022-05-20,Karie Moohan,1
841,false,2022-03-02,2023-01-27,Gill Lennarde,1
842,true,2022-02-07,2022-05-26,Orv Spellworth,1
843,true,2022-06-03,2022-12-11,Tandie Elgee,1
844,true,2022-08-03,2022-03-28,Patrick Berdale,1
845,true,2023-02-03,2022-10-08,Deonne Wellard,1
846,true,2022-12-26,2022-09-27,Mikey Dybald,1
847,true,2022-12-15,2022-06-03,Erminie Franzke,1
848,true,2022-12-04,2022-06-29,Harrison Bonnesen,1
849,false,2022-02-15,2022-12-09,Staford Rathe,1
850,true,2022-11-15,2022-04-28,Kristy Gronowe,1
851,false,2022-08-19,2022-08-14,Sascha Noli,1
852,false,2022-07-21,2022-04-23,Clementina Bails,1
853,false,2022-06-24,2023-02-05,Ynes Arnholtz,1
854,false,2022-10-12,2022-12-13,Geoff Laverick,1
855,false,2022-11-09,2022-04-25,Gibb De la Yglesias,1
856,false,2022-04-18,2022-08-20,Winni McQuarrie,1
857,false,2022-07-29,2022-07-26,Randolf Norree,1
858,false,2022-08-23,2022-06-11,Shelley McChruiter,1
859,true,2022-10-18,2022-05-07,Vanda Daily,1
860,false,2022-09-14,2023-01-25,Heinrick Grigorey,1
861,false,2023-02-18,2022-05-24,Wat Fearon,1
862,false,2022-06-20,2022-10-12,Cherlyn Butterwick,1
863,false,2022-11-04,2022-12-29,Giuditta Peller,1
864,true,2022-12-13,2022-04-03,Bendix Garci,1
865,true,2022-07-19,2022-09-24,Abdul Choffin,1
866,true,2023-02-05,2022-12-25,Leona Franzelini,1
867,false,2022-11-11,2022-06-16,Travus Caudwell,1
868,false,2023-01-12,2023-01-25,Tybalt Joyce,1
869,true,2022-05-21,2022-08-18,Aprilette Klausewitz,1
870,true,2022-11-05,2022-04-24,Edvard Ducket,1
871,false,2022-11-30,2023-01-11,Jemie Teape,1
872,false,2022-07-24,2022-09-28,Kipp Reoch,1
873,true,2022-08-17,2022-05-25,Katusha Crabbe,1
874,true,2022-10-26,2022-05-05,Magdalen Cromblehome,1
875,false,2022-09-22,2022-11-14,Marsiella Hankins,1
876,true,2022-11-10,2022-10-09,Eachelle Caverhill,1
877,true,2022-05-05,2022-05-11,Eliot Lomaz,1
878,true,2022-07-21,2022-11-29,Bart Abad,1
879,false,2023-01-18,2022-03-30,Jonah O'Kane,1
880,false,2022-02-20,2022-12-23,Nolly Dyne,1
881,false,2022-11-04,2022-10-14,Agna Volette,1
882,false,2022-12-14,2022-06-06,Golda Yeulet,1
883,false,2022-05-04,2022-05-06,Hoebart Pack,1
884,true,2022-02-20,2022-02-24,Korey Raimbauld,1
885,false,2022-09-03,2022-06-17,Milzie Smallacombe,1
886,true,2022-07-07,2023-02-06,Lilith Sketch,1
887,false,2022-06-07,2022-11-03,Wendy Guite,1
888,false,2022-12-16,2022-05-05,Siobhan Tweddle,1
889,true,2022-11-18,2022-10-20,Lory Bernardi,1
890,false,2022-06-20,2022-06-12,Celinda Noddle,1
891,true,2023-01-19,2022-08-26,Pennie Teare,1
892,true,2022-03-03,2022-11-16,Carce MacVicar,1
893,true,2022-12-08,2022-10-11,Steffi Simenot,1
894,false,2022-03-24,2022-12-08,Koressa Fowells,1
895,false,2023-01-14,2022-05-26,Yettie Tull,1
896,true,2022-07-15,2022-10-08,Renata Shallcross,1
897,true,2023-02-07,2022-02-22,Terencio Rubartelli,1
898,true,2022-03-19,2022-06-10,Tory Boldison,1
899,false,2022-03-19,2023-02-06,Clayborne Bertrand,1
900,true,2022-06-14,2023-01-02,Germana Phalip,1
901,false,2023-02-06,2022-04-11,Urson Le Monnier,1
902,false,2022-06-10,2022-12-16,Rosabella Campaigne,1
903,true,2022-03-15,2022-06-24,Manda Messom,1
904,false,2022-09-29,2022-10-12,Cleve Rate,1
905,true,2023-01-10,2023-01-05,Alidia Feldfisher,1
906,true,2022-12-12,2022-09-17,Owen Dummer,1
907,false,2022-06-28,2022-10-08,Jojo Syplus,1
908,true,2023-01-07,2022-03-12,Halsey Raden,1
909,true,2022-10-09,2022-10-03,Winifield Blanchet,1
910,false,2022-05-18,2022-12-19,Standford Stait,1
911,false,2022-09-18,2022-10-24,Chandra Lowmass,1
912,true,2023-02-06,2022-07-26,Emmy Hewertson,1
913,false,2022-09-07,2022-07-11,Shamus Hawkslee,1
914,false,2023-01-02,2022-04-30,Marje Abram,1
915,false,2022-03-30,2022-12-28,Chaunce Orr,1
916,false,2022-02-26,2022-09-25,Meridel Fairbridge,1
917,true,2022-11-17,2022-11-18,Ashlin Alliston,1
918,false,2023-01-10,2022-05-25,Nady Hulmes,1
919,true,2022-03-13,2022-04-12,Lara Sauvage,1
920,false,2022-07-14,2022-05-20,Helen Hurburt,1
921,false,2022-10-27,2022-10-27,Jordanna Haselup,1
922,true,2022-05-09,2022-06-30,Robena Gersam,1
923,true,2022-05-20,2022-10-23,Puff Beebee,1
924,false,2022-07-05,2022-09-13,Petronilla Beretta,1
925,false,2022-09-12,2023-01-17,Marlie Greatbach,1
926,true,2022-08-30,2023-02-03,Maximo Buie,1
927,true,2022-10-07,2022-04-25,Antonino Camoletto,1
928,false,2022-02-26,2022-12-10,Quentin MacAiline,1
929,false,2022-05-05,2022-12-20,Elyssa Sinclar,1
930,false,2022-12-03,2022-09-29,Leta Reid,1
931,false,2022-07-15,2022-12-20,Hana Braycotton,1
932,false,2022-05-16,2022-06-06,Vivie Bault,1
933,false,2022-04-20,2022-07-29,Frankie Liverseege,1
934,false,2022-03-30,2022-10-16,Lacie Rainforth,1
935,false,2022-12-12,2022-12-03,Bron Philson,1
936,false,2022-09-23,2022-08-07,Adelle Aronow,1
937,false,2023-01-05,2022-08-23,Egan Penchen,1
938,true,2022-06-07,2022-11-07,Ediva Mariotte,1
939,false,2022-06-24,2023-01-05,Jorrie Course,1
940,false,2022-03-29,2022-12-02,Jorgan Bavridge,1
941,false,2022-03-19,2022-06-20,Beckie Chandlar,1
942,false,2022-04-11,2022-04-03,Ella Crombleholme,1
943,true,2022-10-08,2022-04-08,Dolores Amer,1
944,true,2023-01-24,2022-07-14,Gale Keast,1
945,true,2022-02-24,2022-10-27,Billy Wartonby,1
946,true,2022-09-20,2022-05-29,Nan Hilbourne,1
947,true,2022-02-08,2022-05-30,Jillane Howgate,1
948,false,2022-10-17,2022-10-01,Julita Grandham,1
949,false,2022-10-31,2022-07-13,Toinette Margrem,1
950,false,2022-07-06,2022-11-13,Minetta Ingleson,1
951,true,2022-04-20,2023-02-01,Monte Gregory,1
952,true,2022-10-15,2022-06-13,Cletis Joris,1
953,true,2022-03-13,2022-11-05,Gregory Desport,1
954,false,2022-12-01,2022-11-08,Georgeanne Wallis,1
955,true,2022-12-03,2023-01-28,Aile Chitson,1
956,false,2022-08-15,2022-03-22,Charmane Shine,1
957,true,2022-12-08,2022-10-11,Clovis Petty,1
958,false,2022-02-19,2022-09-21,Axel Scampion,1
959,false,2023-01-20,2022-02-24,Cyrus Oxterby,1
960,false,2022-06-06,2022-02-25,Kipp Mountstephen,1
961,false,2022-06-22,2022-09-14,Barny Spreckley,1
962,false,2022-05-24,2022-04-28,Benedikta Dearl,1
963,false,2022-06-15,2022-12-23,Helen Abrams,1
964,false,2022-04-04,2022-12-02,Anna-diana Brennen,1
965,false,2022-02-25,2022-09-21,Darius Stithe,1
966,true,2023-02-02,2022-10-28,Harrie Nial,1
967,true,2022-03-25,2022-05-04,Brendon Moulsdale,1
968,true,2023-02-03,2022-09-23,Suellen Apperley,1
969,false,2022-05-05,2023-01-23,Wally Kleint,1
970,false,2022-03-12,2022-09-01,Kev Joanic,1
971,true,2023-01-14,2023-02-02,Aksel Hellier,1
972,false,2022-04-29,2022-08-25,Brendon Atyea,1
973,true,2023-01-03,2022-06-04,Tremaine Greaser,1
974,false,2022-09-13,2022-04-15,Josefa Colmer,1
975,false,2022-03-31,2023-01-22,Tatiana Shenton,1
976,false,2022-07-15,2022-08-31,Delcina Bruckent,1
977,false,2022-07-06,2022-12-12,Darcy Philpot,1
978,true,2022-08-01,2022-06-07,Alasteir Shalloo,1
979,false,2022-08-01,2022-07-13,Gram Alder,1
980,true,2022-06-04,2022-04-25,Tome Triggs,1
981,true,2022-11-22,2022-03-03,Olin Dumini,1
982,false,2022-11-30,2022-05-03,Burlie Balcon,1
983,false,2022-08-08,2022-07-01,Ingrim Schoffel,1
984,true,2022-08-11,2022-04-28,Frederic Fragino,1
985,false,2022-04-23,2022-06-08,Rebeka Yetman,1
986,true,2022-05-25,2022-06-01,Horst McQuade,1
987,true,2022-09-10,2022-10-06,Leelah Hughlock,1
988,true,2022-05-15,2022-10-18,Aurora Gyorgy,1
989,false,2022-11-12,2022-04-27,Pat Duinkerk,1
990,false,2022-11-03,2022-06-08,Ario Sansun,1
991,true,2022-04-02,2022-08-13,Tonnie Altoft,1
992,false,2022-11-19,2022-07-16,Fons Aizikowitz,1
993,false,2022-07-05,2022-07-02,Karon Sams,1
994,true,2022-02-08,2022-10-15,Engelbert Wyvill,1
995,false,2022-08-24,2022-12-02,North Hintzer,1
996,true,2022-02-24,2022-04-29,Adrianna Hembery,1
997,true,2022-11-09,2023-02-06,Gerianna Dey,1
998,false,2022-02-10,2022-08-22,Annette Collimore,1
999,false,2022-05-04,2022-08-27,Arnoldo Nears,1
1000,false,2023-01-30,2022-11-06,Ed Lifsey,1
